Employee name ,E-mail Adress ,Phone Number
Michael Phelps,Michael@helpinghands.cm,691258489
Natalie Coughlin,Natalie@helpinghands.cm,655789654
Aleksey Nemov,Aleksey@helpinghands.cm,656820036
Alicia Coutts,Alicia @helpinghands.cm,657850418
Missy Franklin,Missy F@helpinghands.cm,658880800
Ryan Lochte,Ryan Lo@helpinghands.cm,659911182
Allison Schmitt,Allison@helpinghands.cm,660941564
Natalie Coughlin,Natalie@helpinghands.cm,661971946
Ian Thorpe,Ian Tho@helpinghands.cm,663002328
Dara Torres,Dara To@helpinghands.cm,664032710
Cindy Klassen,Cindy K@helpinghands.cm,665063092
Nastia Liukin,Nastia @helpinghands.cm,666093474
Marit Bjørgen,Marit B@helpinghands.cm,667123856
Sun Yang,Sun Yan@helpinghands.cm,668154238
Kirsty Coventry,Kirsty @helpinghands.cm,669184620
Libby Lenton-Trickett,Libby L@helpinghands.cm,670215002
Ryan Lochte,Ryan Lo@helpinghands.cm,671245384
Inge de Bruijn,Inge de@helpinghands.cm,672275766
Petria Thomas,Petria @helpinghands.cm,673306148
Ian Thorpe,Ian Tho@helpinghands.cm,674336530
Inge de Bruijn,Inge de@helpinghands.cm,675366912
Gary Hall Jr.,Gary Ha@helpinghands.cm,676397294
Michael Klim,Michael@helpinghands.cm,677427676
Susie O'Neill,Susie O@helpinghands.cm,678458058
Jenny Thompson,Jenny T@helpinghands.cm,679488440
Pieter van den Hoogenband,Pieter @helpinghands.cm,690518822
An Hyeon-Su,An Hyeo@helpinghands.cm,691549204
Aliya Mustafina,Aliya M@helpinghands.cm,692579586
Shawn Johnson,Shawn J@helpinghands.cm,693609968
